{
  "add_todo": {
    "precision": 0.5714285714285714,
    "recall": 1.0,
    "f1-score": 0.7272727272727273,
    "support": 4.0
  },
  "ask_age": {
    "precision": 0.0,
    "recall": 0.0,
    "f1-score": 0.0,
    "support": 0.0
  },
  "ask_math": {
    "precision": 1.0,
    "recall": 1.0,
    "f1-score": 1.0,
    "support": 5.0
  },
  "ask_name": {
    "precision": 0.6666666666666666,
    "recall": 0.6666666666666666,
    "f1-score": 0.6666666666666666,
    "support": 3.0
  },
  "ask_news": {
    "precision": 1.0,
    "recall": 1.0,
    "f1-score": 1.0,
    "support": 2.0
  },
  "ask_search": {
    "precision": 1.0,
    "recall": 1.0,
    "f1-score": 1.0,
    "support": 4.0
  },
  "ask_time": {
    "precision": 1.0,
    "recall": 1.0,
    "f1-score": 1.0,
    "support": 2.0
  },
  "ask_weather": {
    "precision": 0.8,
    "recall": 1.0,
    "f1-score": 0.8888888888888888,
    "support": 4.0
  },
  "clear_todo": {
    "precision": 0.0,
    "recall": 0.0,
    "f1-score": 0.0,
    "support": 2.0
  },
  "get_todo": {
    "precision": 1.0,
    "recall": 1.0,
    "f1-score": 1.0,
    "support": 2.0
  },
  "goodbye": {
    "precision": 0.0,
    "recall": 0.0,
    "f1-score": 0.0,
    "support": 1.0
  },
  "greeting": {
    "precision": 0.6666666666666666,
    "recall": 0.5,
    "f1-score": 0.5714285714285714,
    "support": 4.0
  },
  "micro avg": {
    "precision": 0.8181818181818182,
    "recall": 0.8181818181818182,
    "f1-score": 0.8181818181818182,
    "support": 33.0
  },
  "macro avg": {
    "precision": 0.6420634920634921,
    "recall": 0.6805555555555555,
    "f1-score": 0.6545214045214044,
    "support": 33.0
  },
  "weighted avg": {
    "precision": 0.7621933621933622,
    "recall": 0.8181818181818182,
    "f1-score": 0.7803139621321439,
    "support": 33.0
  }
}